"WalletID","RiskScore","RiskCategory","Prob_Low","Prob_Medium","Prob_High","ActualFraud","RiskCat"
"157G1s5oAkUaLztn4ob385QMwVh9x69kSG",100,"High Risk",0,0,1,1,"High Risk"
"1KQhxdr2rfX1YBYnRB5uB23LzXdrPE3r7a",100,"High Risk",0,0,1,1,"High Risk"
"1MVcBWJRoQ55VkNHnTnUm2iK3kXSYGkaqw",100,"High Risk",0,0,1,1,"High Risk"
"1Bf1uHTzMBmw75CeWrSe1LRXUnpSAZv9K4",100,"High Risk",0,0,1,1,"High Risk"
"137NdY5QmsaDmVa5CZHwkGeQYEqn1xXidH",100,"High Risk",0,0,1,1,"High Risk"
"1LHFE72AQwUPkwfJ3f5jY3ExbV2v2EkNCv",100,"High Risk",0,0,1,1,"High Risk"
"18zeKjeriLnwYFY4Uwo32sffDbw1GEkTYv",100,"High Risk",0,0,1,1,"High Risk"
"16G61GSZ4nTAsA8seKdMRXBmkerPoFDZwf",100,"High Risk",0,0,1,1,"High Risk"
"15zVrkLTdbeXmyN9C5Top324hBmb3onwQL",100,"High Risk",0,0,1,1,"High Risk"
"1EhAfUAJmS6iG1Gj4NuS73ESJKyrftGZ8s",100,"High Risk",0,0,1,1,"High Risk"
"13x75rRa4oAcoMi8q6AFL3RtAWt6VXCXm4",100,"High Risk",0,0,1,1,"High Risk"
"1EQpP5KSoqbpuz7A9mwMyL2bq4cGzCf6G5",100,"High Risk",0,0,1,1,"High Risk"
"16bWdEjFfrxS5t7SZnjJAmLmLVjSnVtVJs",100,"High Risk",0,0,1,1,"High Risk"
"1PYztn2S63XiUmPyncDVhdh6cGyJrNAkH9",100,"High Risk",0,0,1,1,"High Risk"
"19x19DLUXwt8NSTQcaQ2Eycg97nQrYbGPY",100,"High Risk",0,0,1,1,"High Risk"
"1BFCxUddh4P4PHJiWLahti6Fjy5k4FPTb7",100,"High Risk",0,0,1,1,"High Risk"
"1FvXTFy2ybeEh1YMwW4Wd2DSrXJvoQTY2j",100,"High Risk",0,0,1,1,"High Risk"
"1BQ56TkvXpLPCK4xkv9HpybBY7Aeg4WmEP",100,"High Risk",0,0,1,1,"High Risk"
"1FA23PJtXUW2xLUvJkzQBTjYkFtTz1yx2w",100,"High Risk",0,0,1,1,"High Risk"
"11MvtJdLMh55y3RnS7iPaCra7JS6vZsEF",100,"High Risk",0,0,1,1,"High Risk"
