"Address","RiskScore","RiskCategory","Prob_Low","Prob_Medium","Prob_High","ActualFraud","RiskCat","ActualLabel"
"0x0020731604c882cf7bf8c444be97d17b19ea4316",100,"High Risk",0,0,1,1,"High Risk","Fraud"
"0x002f0c8119c16d310342d869ca8bf6ace34d9c39",100,"High Risk",0,0,1,1,"High Risk","Fraud"
"0x0059b14e35dab1b4eee1e2926c7a5660da66f747",100,"High Risk",0,0,1,1,"High Risk","Fraud"
"0x005b9f4516f8e640bbe48136901738b323c53b00",100,"High Risk",0,0,1,1,"High Risk","Fraud"
"0x0084515449b037205a33d6d3940a5684126aa4b5",100,"High Risk",0,0,1,1,"High Risk","Fraud"
"0x00c8bd3cd1e649a3fd2a89b3edc1c2ab631227a0",100,"High Risk",0,0,1,1,"High Risk","Fraud"
"0x00d07f8c2194f14c8d694680f2b8c0be66d4d5e9",100,"High Risk",0,0,1,1,"High Risk","Fraud"
"0x00eb6f5199cd0b671da371969b1a0f948e982fea",100,"High Risk",0,0,1,1,"High Risk","Fraud"
"0x011da0ab16577cbb73374a5b9b869d66253150e7",100,"High Risk",0,0,1,1,"High Risk","Fraud"
"0x0153775362c3071c1860e8dbfd53ccc82fa226f5",100,"High Risk",0,0,1,1,"High Risk","Fraud"
"0x015f17e2851ea392351b7f259e4cfd03dc443cef",100,"High Risk",0,0,1,1,"High Risk","Fraud"
"0x016c0261c48d089ac26d0a48f840c9a9d5e203dd",100,"High Risk",0,0,1,1,"High Risk","Fraud"
"0x017f86b90a46d8fd999eaefda1339355b98da12f",100,"High Risk",0,0,1,1,"High Risk","Fraud"
"0x018f2f4b3c9e38607aa7ab4dea23e9d663e3e050",100,"High Risk",0,0,1,1,"High Risk","Fraud"
"0x024c344da7208e60356378a252dab771c34be111",100,"High Risk",0,0,1,1,"High Risk","Fraud"
"0x02673ebfbfaed5891f6b14248b0e2753a8758fbf",100,"High Risk",0,0,1,1,"High Risk","Fraud"
"0x02d1347abe00beaa073058b1414722cdcc31abb3",100,"High Risk",0,0,1,1,"High Risk","Fraud"
"0x02f4a464eebb46a50dd087074d7a2cf3f5a3598b",100,"High Risk",0,0,1,1,"High Risk","Fraud"
"0x0310c4385311d225cbcaca26fefc9ab45d3eba3e",100,"High Risk",0,0,1,1,"High Risk","Fraud"
"0x03e115d99f005f9df8accec3f3d07f54b593ee96",100,"High Risk",0,0,1,1,"High Risk","Fraud"
